C,H,H+,N,O,F,Na,e,S,Cl,I,Br
12,1.007825032,1.007276452,14.00307401,15.99491462,18.99840321,22.98976967,0.00054858,31.97207069,34.96885271,126.904468,78.918338
